{"device_id": "WaterlyIotDevice2", "timestamp": 1599904502, "water_read": 55232086, "ph": 7.128925021250117, "pressure": 5.193527127018382, "salinity": 160.12096269293988}