{"device_id": "WaterlyIotDevice4", "timestamp": 1599904502, "water_read": 46025859, "ph": 7.047112876394935, "pressure": 4.043190790724029, "salinity": 196.1576951556807}