{"id": "15b9fe55-e76e-11ea-b51b-2816a805b0e5", "device_id": "WaterlyIotDevice6", "timestamp": 1598427058, "water_read": 31554829, "ph": 6.937052830985866, "water_pressure": 3.429381295727078}