{"id": "15cc684c-e76e-11ea-a72f-2816a805b0e5", "device_id": "WaterlyIotDevice8", "timestamp": 1598427058, "water_read": 14883411, "ph": 7.179856328043778, "water_pressure": 3.9834971429197217}