{"device_id": "WaterlyIotDevice5", "timestamp": 1599904502, "water_read": 32644347, "ph": 7.029422528353757, "pressure": 3.3801196688294026, "salinity": 194.37898539312098}