{"device_id": "WaterlyIotDevice7", "timestamp": 1599904501, "water_read": 34160473, "ph": 7.145875470101767, "pressure": 4.1856217580857376, "salinity": 133.25260162281177}