{"id": "15cf7372-e76e-11ea-b730-2816a805b0e5", "device_id": "WaterlyIotDevice1", "timestamp": 1598427058, "water_read": 47404209, "ph": 7.163962812242411, "water_pressure": 4.046980188253547}