{"id": "16009b03-e76e-11ea-9f02-2816a805b0e5", "device_id": "WaterlyIotDevice10", "timestamp": 1598427058, "water_read": 31593089, "ph": 6.933387436537412, "water_pressure": 4.370905584832235}