{"id": "160db164-e76e-11ea-a96d-2816a805b0e5", "device_id": "WaterlyIotDevice4", "timestamp": 1598427059, "water_read": 32928608, "ph": 6.863719099014048, "water_pressure": 3.7632977528399563}