{"device_id": "WaterlyIotDevice8", "timestamp": 1599904502, "water_read": 24083473, "ph": 7.071589081247642, "pressure": 3.774346864951015, "salinity": 224.28805403030051}