{"device_id": "WaterlyIotDevice1", "timestamp": 1599904502, "water_read": 53355778, "ph": 6.5213934044987205, "pressure": 4.4722392680894, "salinity": 249.90214425081848}