{"id": "16126914-e76e-11ea-b540-2816a805b0e5", "device_id": "WaterlyIotDevice5", "timestamp": 1598427059, "water_read": 28037291, "ph": 6.3210159868932205, "water_pressure": 4.264785721289939}