{"id": "15ede31e-e76e-11ea-bf84-2816a805b0e5", "device_id": "WaterlyIotDevice7", "timestamp": 1598427058, "water_read": 27633854, "ph": 7.402034596525884, "water_pressure": 4.214133739436075}