{"device_id": "WaterlyIotDevice6", "timestamp": 1599904502, "water_read": 40446287, "ph": 6.541196157774787, "pressure": 4.0536221029750905, "salinity": 137.54776924129376}