{"device_id": "WaterlyIotDevice9", "timestamp": 1599904502, "water_read": 44219764, "ph": 6.897923223610884, "pressure": 4.681421707993397, "salinity": 241.52290384203042}