{"id": "15f53120-e76e-11ea-99a9-2816a805b0e5", "device_id": "WaterlyIotDevice3", "timestamp": 1598427058, "water_read": 23871864, "ph": 6.785716938170687, "water_pressure": 3.6524199968171516}