{"device_id": "WaterlyIotDevice3", "timestamp": 1599904502, "water_read": 28408145, "ph": 7.11161668947948, "pressure": 3.840536039424492, "salinity": 158.1880208432462}