{"device_id": "WaterlyIotDevice10", "timestamp": 1599904502, "water_read": 39865020, "ph": 6.927384006790297, "pressure": 4.7876404591878154, "salinity": 286.3293937360011}