{"id": "15b65757-e76e-11ea-a850-2816a805b0e5", "device_id": "WaterlyIotDevice9", "timestamp": 1598427058, "water_read": 36734115, "ph": 6.524811690090044, "water_pressure": 4.3431632793936545}