{"id": "16061582-e76e-11ea-a80d-2816a805b0e5", "device_id": "WaterlyIotDevice2", "timestamp": 1598427059, "water_read": 50530067, "ph": 7.1955807416950135, "water_pressure": 4.087741010983006}